石森虹花,,,1,名詞,固有名詞,人名,一般,*,*,石森虹花,いしもりにじか,いしもりにじか,keyakizaka_ishimori
(石森虹花),,,1,名詞,固有名詞,人名,一般,*,*,石森虹花,いしもりにじか,いしもりにじか,keyakizaka
石森 虹花,,,1,名詞,固有名詞,人名,一般,*,*,石森 虹花,いしもりにじか,いしもりにじか,keyakizaka_ishimori
(石森 虹花),,,1,名詞,固有名詞,人名,一般,*,*,石森 虹花,いしもりにじか,いしもりにじか,keyakizaka
石森　虹花,,,1,名詞,固有名詞,人名,一般,*,*,石森　虹花,いしもりにじか,いしもりにじか,keyakizaka_ishimori
いしもりにじか,,,1,名詞,固有名詞,人名,一般,*,*,いしもりにじか,いしもりにじか,いしもりにじか,keyakizaka_ishimori
石森にじか,,,1,名詞,固有名詞,人名,一般,*,*,石森にじか,いしもりにじか,いしもりにじか,keyakizaka_ishimori
石森,,,6000,名詞,固有名詞,人名,姓,*,*,石森,いしもり,いしもり,keyakizaka_ishimori
虹花,,,6000,名詞,固有名詞,人名,名,*,*,虹花,にじか,にじか,keyakizaka_ishimori
いしもり,,,6000,名詞,固有名詞,人名,姓,*,*,いしもり,いしもり,いしもり,keyakizaka_ishimori
イシモリ,,,6000,名詞,固有名詞,人名,姓,*,*,イシモリ,イシモリ,イシモリ,keyakizaka_ishimori
にじか,,,6000,名詞,固有名詞,人名,名,*,*,にじか,にじか,にじか,keyakizaka_ishimori
ニジカ,,,6000,名詞,固有名詞,人名,名,*,*,ニジカ,ニジカ,ニジカ,keyakizaka_ishimori
今泉佑唯,,,1,名詞,固有名詞,人名,一般,*,*,今泉佑唯,いまいずみゆい,いまいずみゆい,keyakizaka_imaizumi
(今泉佑唯),,,1,名詞,固有名詞,人名,一般,*,*,今泉佑唯,いまいずみゆい,いまいずみゆい,keyakizaka
今泉 佑唯,,,1,名詞,固有名詞,人名,一般,*,*,今泉 佑唯,いまいずみゆい,いまいずみゆい,keyakizaka_imaizumi
(今泉 佑唯),,,1,名詞,固有名詞,人名,一般,*,*,今泉 佑唯,いまいずみゆい,いまいずみゆい,keyakizaka
今泉　佑唯,,,1,名詞,固有名詞,人名,一般,*,*,今泉 佑唯,いまいずみゆい,いまいずみゆい,keyakizaka_imaizumi
いまいずみゆい,,,1,名詞,固有名詞,人名,一般,*,*,いまいずみゆい,いまいずみゆい,いまいずみゆい,keyakizaka_imaizumi
今泉ゆい,,,1,名詞,固有名詞,人名,一般,*,*,今泉ゆい,いまいずみゆい,いまいずみゆい,keyakizaka_imaizumi
今泉,,,6000,名詞,固有名詞,人名,姓,*,*,今泉,いまいずみ,いまいずみ,keyakizaka_imaizumi
佑唯,,,6000,名詞,固有名詞,人名,名,*,*,佑唯,ゆい,ゆい,keyakizaka_imaizumi
いまいずみ,,,6000,名詞,固有名詞,人名,姓,*,*,いまいずみ,いまいずみ,いまいずみ,keyakizaka_imaizumi
イマイズミ,,,6000,名詞,固有名詞,人名,姓,*,*,イマイズミ,イマイズミ,イマイズミ,keyakizaka_imaizumi
ずーみん,,,1,名詞,固有名詞,人名,名,*,*,ずーみん,ずーみん,ずーみん,keyakizaka_imaizumi
ずみこ,,,1,名詞,固有名詞,人名,名,*,*,ずみこ,ずみこ,ずみこ,keyakizaka_imaizumi
ゆいちゃんず,,,1,名詞,固有名詞,人名,名,*,*,ゆいちゃんず,ゆいちゃんず,ゆいちゃんず,keyakizaka_imaizumi_kobayashi
ちび〜ず,,,1,名詞,固有名詞,人名,名,*,*,ちび〜ず,ちび〜ず,ちび〜ず,keyakizaka_imaizumi_uemura
上村莉菜,,,1,名詞,固有名詞,人名,一般,*,*,上村莉菜,うえむらりな,うえむらりな,keyakizaka_uemura
(上村莉菜),,,1,名詞,固有名詞,人名,一般,*,*,上村莉菜,うえむらりな,うえむらりな,keyakizaka
上村 莉菜,,,1,名詞,固有名詞,人名,一般,*,*,上村 莉菜,うえむらりな,うえむらりな,keyakizaka_uemura
(上村 莉菜),,,1,名詞,固有名詞,人名,一般,*,*,上村 莉菜,うえむらりな,うえむらりな,keyakizaka
上村　莉菜,,,1,名詞,固有名詞,人名,一般,*,*,上村 莉菜,うえむらりな,うえむらりな,keyakizaka_uemura
うえむらりな,,,1,名詞,固有名詞,人名,一般,*,*,うえむらりな,うえむらりな,うえむらりな,keyakizaka_uemura
上村りな,,,1,名詞,固有名詞,人名,一般,*,*,上村りな,うえむらりな,うえむらりな,keyakizaka_uemura
上村,,,6000,名詞,固有名詞,人名,姓,*,*,上村,うえむら,うえむら,keyakizaka_uemura
莉菜,,,6000,名詞,固有名詞,人名,名,*,*,莉菜,りな,りな,keyakizaka_uemura
うえむら,,,6000,名詞,固有名詞,人名,姓,*,*,うえむら,うえむら,うえむら,keyakizaka_uemura
ウエムラ,,,6000,名詞,固有名詞,人名,姓,*,*,ウエムラ,ウエムラ,ウエムラ,keyakizaka_uemura
りな,,,6000,名詞,固有名詞,人名,名,*,*,りな,りな,りな,keyakizaka_uemura
リナ,,,6000,名詞,固有名詞,人名,名,*,*,リナ,リナ,リナ,keyakizaka_uemura
うえむー,,,1,名詞,固有名詞,人名,姓,*,*,うえむー,うえむー,うえむー,keyakizaka_uemura
むーちゃん,,,1,名詞,固有名詞,人名,姓,*,*,むーちゃん,むーちゃん,むーちゃん,keyakizaka_uemura
尾関梨香,,,1,名詞,固有名詞,人名,一般,*,*,尾関梨香,おぜきりか,おぜきりか,keyakizaka_ozeki
(尾関梨香),,,1,名詞,固有名詞,人名,一般,*,*,尾関梨香,おぜきりか,おぜきりか,keyakizaka
尾関 梨香,,,1,名詞,固有名詞,人名,一般,*,*,尾関 梨香,おぜきりか,おぜきりか,keyakizaka_ozeki
(尾関 梨香),,,1,名詞,固有名詞,人名,一般,*,*,尾関 梨香,おぜきりか,おぜきりか,keyakizaka
尾関　梨香,,,1,名詞,固有名詞,人名,一般,*,*,尾関 梨香,おぜきりか,おぜきりか,keyakizaka_ozeki
おぜきりか,,,1,名詞,固有名詞,人名,一般,*,*,おぜきりか,おぜきりか,おぜきりか,keyakizaka_ozeki
尾関りか,,,1,名詞,固有名詞,人名,一般,*,*,尾関りか,おぜきりか,おぜきりか,keyakizaka_ozeki
尾関,,,6000,名詞,固有名詞,人名,姓,*,*,尾関,おぜき,おぜき,keyakizaka_ozeki
梨香,,,6000,名詞,固有名詞,人名,名,*,*,梨香,りか,りか,keyakizaka_ozeki
りか,,,6000,名詞,固有名詞,人名,名,*,*,りか,りか,りか,keyakizaka
リカ,,,6000,名詞,固有名詞,人名,名,*,*,リカ,りか,りか,keyakizaka
おぜき,,,6000,名詞,固有名詞,人名,姓,*,*,おぜき,おぜき,おぜき,keyakizaka_ozeki
おぜかわ,,,6000,名詞,固有名詞,人名,姓,*,*,おぜかわ,おぜかわ,おぜかわ,keyakizaka_ozeki
オゼキ,,,6000,名詞,固有名詞,人名,姓,*,*,オゼキ,オゼキ,オゼキ,keyakizaka_ozeki
おりか,,,1,名詞,固有名詞,人名,一般,*,*,おりか,おりか,おりか,keyakizaka_keyakizaka_ozeki
オリカ,,,1,名詞,固有名詞,人名,一般,*,*,オリカ,おりか,おりか,keyakizaka_keyakizaka_ozeki
おぜきち,,,1,名詞,固有名詞,人名,姓,*,*,おぜきち,おぜきち,おぜきち,keyakizaka_ozeki
織田奈那,,,1,名詞,固有名詞,人名,一般,*,*,織田奈那,おだなな,おだなな,keyakizaka_odanana
(織田奈那),,,1,名詞,固有名詞,人名,一般,*,*,織田奈那,おだなな,おだなな,keyakizaka
織田 奈那,,,1,名詞,固有名詞,人名,一般,*,*,織田奈那,おだなな,おだなな,keyakizaka_odanana
(織田 奈那),,,1,名詞,固有名詞,人名,一般,*,*,織田奈那,おだなな,おだなな,keyakizaka
織田　奈那,,,1,名詞,固有名詞,人名,一般,*,*,織田奈那,おだなな,おだなな,keyakizaka_odanana
織田なな,,,1,名詞,固有名詞,人名,一般,*,*,織田なな,おだなな,おだなな,keyakizaka_odanana
織田,,,6000,名詞,固有名詞,人名,姓,*,*,織田,おだ,おだ,keyakizaka_odanana
奈那,,,6000,名詞,固有名詞,人名,名,*,*,奈那,なな,なな,keyakizaka_odanana
おだなな,,,1,名詞,固有名詞,人名,一般,*,*,おだなな,おだなな,おだなな,keyakizaka_odanana
オダナナ,,,1,名詞,固有名詞,人名,一般,*,*,オダナナ,おだなな,おだなな,keyakizaka_odanana
おだ,,,6000,名詞,固有名詞,人名,姓,*,*,おだ,おだ,おだ,keyakizaka_odanana
オダ,,,6000,名詞,固有名詞,人名,姓,*,*,オダ,おだ,おだ,keyakizaka_odanana
なな,,,6000,名詞,固有名詞,人名,名,*,*,なな,なな,なな,keyakizaka_odanana
ナナ,,,6000,名詞,固有名詞,人名,名,*,*,ナナ,なな,なな,keyakizaka_odanana
だに,,,1,名詞,固有名詞,人名,一般,*,*,だに,だに,だに,keyakizaka_odanana
おだにー,,,1,名詞,固有名詞,人名,一般,*,*,おだにー,おだにー,おだにー,keyakizaka_odanana
だにー,,,1,名詞,固有名詞,人名,一般,*,*,だにー,だにー,だにー,keyakizaka_odanana
ダニーヌ,,,1,名詞,固有名詞,人名,一般,*,*,ダニーヌ,ダニーヌ,ダニーヌ,keyakizaka_odanana
ななっぴ,,,1,名詞,固有名詞,人名,名,*,*,ななっぴ,ななっぴ,ななっぴ,keyakizaka_odanana
小池美波,,,1,名詞,固有名詞,人名,一般,*,*,小池美波,こいけみなみ,こいけみなみ,keyakizaka
(小池美波),,,1,名詞,固有名詞,人名,一般,*,*,小池美波,こいけみなみ,こいけみなみ,keyakizaka
小池 美波,,,1,名詞,固有名詞,人名,一般,*,*,小池美波,こいけみなみ,こいけみなみ,keyakizaka_koike
(小池 美波),,,1,名詞,固有名詞,人名,一般,*,*,小池美波,こいけみなみ,こいけみなみ,keyakizaka
小池　美波,,,1,名詞,固有名詞,人名,一般,*,*,小池美波,こいけみなみ,こいけみなみ,keyakizaka_koike
こいけみなみ,,,1,名詞,固有名詞,人名,一般,*,*,こいけみなみ,こいけみなみ,こいけみなみ,keyakizaka_koike
小池みなみ,,,1,名詞,固有名詞,人名,一般,*,*,小池みなみ,こいけみなみ,こいけみなみ,keyakizaka_koike
小池,,,6000,名詞,固有名詞,人名,姓,*,*,小池,こいけ,こいけ,keyakizaka_koike
美波,,,6000,名詞,固有名詞,人名,名,*,*,美波,みなみ,みなみ,keyakizaka_koike
こいけ,,,6000,名詞,固有名詞,人名,姓,*,*,こいけ,こいけ,こいけ,keyakizaka_koike
コイケ,,,6000,名詞,固有名詞,人名,姓,*,*,コイケ,コイケ,コイケ,keyakizaka_koike
みなみ,,,6000,名詞,固有名詞,人名,名,*,*,みなみ,みなみ,みなみ,keyakizaka_koike
ミナミ,,,6000,名詞,固有名詞,人名,名,*,*,ミナミ,ミナミ,ミナミ,keyakizaka_koike
みーちゃん,,,6000,名詞,固有名詞,人名,名,*,*,みーちゃん,みーちゃん,みーちゃん,keyakizaka_koike
みぃちゃん,,,6000,名詞,固有名詞,人名,名,*,*,みぃちゃん,みぃちゃん,みぃちゃん,keyakizaka_koike
みぃこ,,,6000,名詞,固有名詞,人名,名,*,*,みぃこ,みぃこ,みぃこ,keyakizaka_koike
みーこ,,,6000,名詞,固有名詞,人名,名,*,*,みーこ,みーこ,みーこ,keyakizaka_koike
ななみみなみ,,,6000,名詞,固有名詞,人名,名,*,*,ななみみなみ,ななみみなみ,ななみみなみ,keyakizaka_koike_yonetani
小林由依,,,1,名詞,固有名詞,人名,一般,*,*,小林由依,こばやしゆい,こばやしゆい,keyakizaka_kobayashi
(小林由依),,,1,名詞,固有名詞,人名,一般,*,*,小林由依,こばやしゆい,こばやしゆい,keyakizaka
小林 由依,,,1,名詞,固有名詞,人名,一般,*,*,小林由依,こばやしゆい,こばやしゆい,keyakizaka_kobayashi
(小林 由依),,,1,名詞,固有名詞,人名,一般,*,*,小林由依,こばやしゆい,こばやしゆい,keyakizaka
小林　由依,,,1,名詞,固有名詞,人名,一般,*,*,小林由依,こばやしゆい,こばやしゆい,keyakizaka_kobayashi
こばやしゆい,,,1,名詞,固有名詞,人名,一般,*,*,こばやしゆい,こばやしゆい,こばやしゆい,keyakizaka_kobayashi
小林ゆい,,,1,名詞,固有名詞,人名,一般,*,*,小林ゆい,こばやしゆい,こばやしゆい,keyakizaka_kobayashi
小林,,,6000,名詞,固有名詞,人名,姓,*,*,小林,こばやし,こばやし,keyakizaka_kobayashi
由依,,,6000,名詞,固有名詞,人名,名,*,*,由依,ゆい,ゆい,keyakizaka_kobayashi
こばやし,,,6000,名詞,固有名詞,人名,姓,*,*,こばやし,こばやし,こばやし,keyakizaka_kobayashi
コバヤシ,,,6000,名詞,固有名詞,人名,姓,*,*,コバヤシ,コバヤシ,コバヤシ,keyakizaka_kobayashi
ゆい,,,6000,名詞,固有名詞,人名,名,*,*,ゆい,ゆい,ゆい,keyakizaka_kobayashi
ゆいぽん,,,6000,名詞,固有名詞,人名,名,*,*,ゆいぽん,ゆいぽん,ゆいぽん,keyakizaka_kobayashi
ぽん,,,6000,名詞,固有名詞,人名,名,*,*,ぽん,ぽん,ぽん,keyakizaka_kobayashi
こばゆい,,,1,名詞,固有名詞,人名,一般,*,*,こばゆい,こばゆい,こばゆい,keyakizaka_kobayashi
齋藤冬優花,,,1,名詞,固有名詞,人名,一般,*,*,齋藤冬優花,さいとうふゆか,さいとうふゆか,keyakizaka_saitofuyu
(齋藤冬優花),,,1,名詞,固有名詞,人名,一般,*,*,齋藤冬優花,さいとうふゆか,さいとうふゆか,keyakizaka
齋藤 冬優花,,,1,名詞,固有名詞,人名,一般,*,*,齋藤冬優花,さいとうふゆか,さいとうふゆか,keyakizaka_saitofuyu
(齋藤 冬優花),,,1,名詞,固有名詞,人名,一般,*,*,齋藤冬優花,さいとうふゆか,さいとうふゆか,keyakizaka
齋藤　冬優花,,,1,名詞,固有名詞,人名,一般,*,*,齋藤冬優花,さいとうふゆか,さいとうふゆか,keyakizaka_saitofuyu
さいとうふゆか,,,1,名詞,固有名詞,人名,一般,*,*,さいとうふゆか,さいとうふゆか,さいとうふゆか,keyakizaka_saitofuyu
齋藤ふゆか,,,1,名詞,固有名詞,人名,一般,*,*,齋藤ふゆか,さいとうふゆか,さいとうふゆか,keyakizaka_saitofuyu
齋藤,,,6000,名詞,固有名詞,人名,姓,*,*,齋藤,さいとう,さいとう,keyakizaka_saitofuyu
冬優花,,,6000,名詞,固有名詞,人名,名,*,*,冬優花,ふゆか,ふゆか,keyakizaka_saitofuyu
ふゆか,,,6000,名詞,固有名詞,人名,名,*,*,ふゆか,ふゆか,ふゆか,keyakizaka_saitofuyu
フユカ,,,6000,名詞,固有名詞,人名,名,*,*,フユカ,フユカ,フユカ,keyakizaka_saitofuyu
ふーちゃん,,,6000,名詞,固有名詞,人名,名,*,*,ふーちゃん,ふーちゃん,ふーちゃん,keyakizaka_saitofuyu
佐藤詩織,,,1,名詞,固有名詞,人名,一般,*,*,佐藤詩織,さとうしおり,さとうしおり,keyakizaka_sato
(佐藤詩織),,,1,名詞,固有名詞,人名,一般,*,*,佐藤詩織,さとうしおり,さとうしおり,keyakizaka
佐藤 詩織,,,1,名詞,固有名詞,人名,一般,*,*,佐藤詩織,さとうしおり,さとうしおり,keyakizaka_sato
(佐藤 詩織),,,1,名詞,固有名詞,人名,一般,*,*,佐藤詩織,さとうしおり,さとうしおり,keyakizaka
佐藤　詩織,,,1,名詞,固有名詞,人名,一般,*,*,佐藤詩織,さとうしおり,さとうしおり,keyakizaka_sato
さとうしおり,,,1,名詞,固有名詞,人名,一般,*,*,さとうしおり,さとうしおり,さとうしおり,keyakizaka_sato
佐藤しおり,,,1,名詞,固有名詞,人名,一般,*,*,佐藤しおり,さとうしおり,さとうしおり,keyakizaka_sato
佐藤,,,6000,名詞,固有名詞,人名,姓,*,*,佐藤,さとう,さとう,keyakizaka_sato
さとう,,,6000,名詞,固有名詞,人名,姓,*,*,さとう,さとう,さとう,keyakizaka_sato
詩織,,,6000,名詞,固有名詞,人名,名,*,*,詩織,しおり,しおり,keyakizaka_sato
しおり,,,6000,名詞,固有名詞,人名,名,*,*,しおり,しおり,しおり,keyakizaka_sato
しーちゃん,,,6000,名詞,固有名詞,人名,名,*,*,しーちゃん,しーちゃん,しおり,keyakizaka_sato
さとし,,,1,名詞,固有名詞,人名,一般,*,*,さとし,さとし,さとし,keyakizaka_sato
サトシ,,,1,名詞,固有名詞,人名,一般,*,*,サトシ,さとし,さとし,keyakizaka_sato
志田愛佳,,,1,名詞,固有名詞,人名,一般,*,*,志田愛佳,しだまなか,しだまなか,keyakizaka_shida
(志田愛佳),,,1,名詞,固有名詞,人名,一般,*,*,志田愛佳,しだまなか,しだまなか,keyakizaka
志田 愛佳,,,1,名詞,固有名詞,人名,一般,*,*,志田愛佳,しだまなか,しだまなか,keyakizaka_shida
(志田 愛佳),,,1,名詞,固有名詞,人名,一般,*,*,志田愛佳,しだまなか,しだまなか,keyakizaka
志田　愛佳,,,1,名詞,固有名詞,人名,一般,*,*,志田愛佳,しだまなか,しだまなか,keyakizaka_shida
しだまなか,,,1,名詞,固有名詞,人名,一般,*,*,しだまなか,しだまなか,しだまなか,keyakizaka_shida
志田まなか,,,1,名詞,固有名詞,人名,一般,*,*,志田まなか,しだまなか,しだまなか,keyakizaka_shida
志田,,,6000,名詞,固有名詞,人名,姓,*,*,志田,しだ,しだ,keyakizaka_shida
しだ,,,6000,名詞,固有名詞,人名,姓,*,*,しだ,しだ,しだ,keyakizaka_shida
愛佳,,,6000,名詞,固有名詞,人名,名,*,*,愛佳,まなか,まなか,keyakizaka_shida
まなか,,,6000,名詞,固有名詞,人名,名,*,*,まなか,まなか,まなか,keyakizaka_shida
マナカ,,,6000,名詞,固有名詞,人名,名,*,*,マナカ,マナカ,マナカ,keyakizaka_shida
もな,,,6000,名詞,固有名詞,人名,名,*,*,もな,もな,もな,keyakizaka_shida
モナ,,,6000,名詞,固有名詞,人名,名,*,*,モナ,もな,もな,keyakizaka_shida
まなき,,,6000,名詞,固有名詞,人名,名,*,*,まなき,まなき,まなき,keyakizaka_shida
りかまな〜,,,1,名詞,固有名詞,人名,名,*,*,りかまな〜,りかまな〜,りかまな〜,keyakizaka_shida_berika
菅井友香,,,1,名詞,固有名詞,人名,一般,*,*,菅井友香,すがいゆうか,すがいゆうか,keyakizaka_sugai
(菅井友香),,,1,名詞,固有名詞,人名,一般,*,*,菅井友香,すがいゆうか,すがいゆうか,keyakizaka
菅井 友香,,,1,名詞,固有名詞,人名,一般,*,*,菅井友香,すがいゆうか,すがいゆうか,keyakizaka_sugai
(菅井 友香),,,1,名詞,固有名詞,人名,一般,*,*,菅井友香,すがいゆうか,すがいゆうか,keyakizaka
菅井　友香,,,1,名詞,固有名詞,人名,一般,*,*,菅井友香,すがいゆうか,すがいゆうか,keyakizaka_sugai
すがいゆうか,,,1,名詞,固有名詞,人名,一般,*,*,すがいゆうか,すがいゆうか,すがいゆうか,keyakizaka_sugai
菅井ゆうか,,,1,名詞,固有名詞,人名,一般,*,*,菅井ゆうか,すがいゆうか,すがいゆうか,keyakizaka_sugai
菅井,,,6000,名詞,固有名詞,人名,姓,*,*,菅井,すがい,すがい,keyakizaka_sugai
すがい,,,6000,名詞,固有名詞,人名,姓,*,*,すがい,すがい,すがい,keyakizaka_sugai
友香,,,6000,名詞,固有名詞,人名,名,*,*,友香,ゆうか,ゆうか,keyakizaka_sugai
ゆうか,,,6000,名詞,固有名詞,人名,名,*,*,ゆうか,ゆうか,ゆうか,keyakizaka
ゆっかー,,,6000,名詞,固有名詞,人名,名,*,*,ゆっかー,ゆっかー,ゆっかー,keyakizaka_sugai
ユッカー,,,6000,名詞,固有名詞,人名,名,*,*,ユッカー,ユッカー,ユッカー,keyakizaka_sugai
チャプテン,,,1,名詞,固有名詞,人名,一般,*,*,チャプテン,チャプテン,チャプテン,keyakizaka_sugai
ゆっかねん,,,6000,名詞,固有名詞,人名,名,*,*,ゆっかねん,ゆっかねん,ゆっかねん,keyakizaka_sugai_moriya
(鈴本美愉),,,1,名詞,固有名詞,人名,一般,*,*,鈴本美愉,すずもとみゆ,すずもとみゆ,keyakizaka
鈴本 美愉,,,1,名詞,固有名詞,人名,一般,*,*,鈴本美愉,すずもとみゆ,すずもとみゆ,keyakizaka_suzumoto
(鈴本 美愉),,,1,名詞,固有名詞,人名,一般,*,*,鈴本美愉,すずもとみゆ,すずもとみゆ,keyakizaka
鈴本　美愉,,,1,名詞,固有名詞,人名,一般,*,*,鈴本美愉,すずもとみゆ,すずもとみゆ,keyakizaka_suzumoto
すずもとみゆ,,,1,名詞,固有名詞,人名,一般,*,*,すずもとみゆ,すずもとみゆ,すずもとみゆ,keyakizaka_suzumoto
鈴本みゆ,,,1,名詞,固有名詞,人名,一般,*,*,鈴本みゆ,すずもとみゆ,すずもとみゆ,keyakizaka_suzumoto
スズモトミユ,,,1,名詞,固有名詞,人名,一般,*,*,スズモトミユ,スズモトミユ,スズモトミユ,keyakizaka_suzumoto
鈴本,,,6000,名詞,固有名詞,人名,姓,*,*,鈴本,すずもと,すずもと,keyakizaka_suzumoto
すずもと,,,6000,名詞,固有名詞,人名,姓,*,*,すずもと,すずもと,すずもと,keyakizaka_suzumoto
美愉,,,6000,名詞,固有名詞,人名,名,*,*,美愉,みゆ,みゆ,keyakizaka_suzumoto
みゆ,,,6000,名詞,固有名詞,人名,名,*,*,みゆ,みゆ,みゆ,keyakizaka_suzumoto
みゆみゆ,,,6000,名詞,固有名詞,人名,名,*,*,みゆみゆ,みゆみゆ,みゆみゆ,keyakizaka_suzumoto
ミユ,,,6000,名詞,固有名詞,人名,名,*,*,ミユ,みゆ,みゆ,keyakizaka_suzumoto
すずもん,,,6000,名詞,固有名詞,人名,姓,*,*,すずもん,すずもん,すずもん,keyakizaka_suzumoto
もん,,,6000,名詞,固有名詞,人名,姓,*,*,もん,もん,もん,keyakizaka_suzumoto
もん太,,,6000,名詞,固有名詞,人名,姓,*,*,もん太,もんた,もんた,keyakizaka_suzumoto
すずモン,,,6000,名詞,固有名詞,人名,姓,*,*,すずモン,すずもん,すずもん,keyakizaka_suzumoto
栗太郎,,,1,名詞,固有名詞,人名,一般,*,*,栗太郎,くりたろう,くりたろう,keyakizaka_suzumoto
長沢菜々香,,,1,名詞,固有名詞,人名,一般,*,*,長沢菜々香,ながさわななこ,ながさわななこ,keyakizaka_nagasawa
(長沢菜々香),,,1,名詞,固有名詞,人名,一般,*,*,長沢菜々香,ながさわななこ,ながさわななこ,keyakizaka
(長沢 菜々香),,,1,名詞,固有名詞,人名,一般,*,*,長沢菜々香,ながさわななこ,ながさわななこ,keyakizaka
長沢　菜々香,,,1,名詞,固有名詞,人名,一般,*,*,長沢菜々香,ながさわななこ,ながさわななこ,keyakizaka_nagasawa
ながさわななこ,,,1,名詞,固有名詞,人名,一般,*,*,ながさわななこ,ながさわななこ,ながさわななこ,keyakizaka_nagasawa
長沢ななこ,,,1,名詞,固有名詞,人名,一般,*,*,長沢ななこ,ながさわななこ,ながさわななこ,keyakizaka_nagasawa
長沢,,,6000,名詞,固有名詞,人名,姓,*,*,長沢,ながさわ,ながさわ,keyakizaka_nagasawa
ながさわ,,,6000,名詞,固有名詞,人名,姓,*,*,ながさわ,ながさわ,ながさわ,keyakizaka_nagasawa
菜々香,,,6000,名詞,固有名詞,人名,名,*,*,菜々香,ななこ,ななこ,keyakizaka_nagasawa
ななこ,,,6000,名詞,固有名詞,人名,名,*,*,ななこ,ななこ,ななこ,keyakizaka_nagasawa
なーこ,,,6000,名詞,固有名詞,人名,名,*,*,なーこ,なーこ,なーこ,keyakizaka_nagasawa
土生瑞穂,,,1,名詞,固有名詞,人名,一般,*,*,土生瑞穂,はぶみづほ,はぶみづほ,keyakizaka_habu
(土生瑞穂),,,1,名詞,固有名詞,人名,一般,*,*,土生瑞穂,はぶみづほ,はぶみづほ,keyakizaka
土生 瑞穂,,,1,名詞,固有名詞,人名,一般,*,*,土生瑞穂,はぶみづほ,はぶみづほ,keyakizaka_habu
(土生 瑞穂),,,1,名詞,固有名詞,人名,一般,*,*,土生瑞穂,はぶみづほ,はぶみづほ,keyakizaka
土生　瑞穂,,,1,名詞,固有名詞,人名,一般,*,*,土生瑞穂,はぶみづほ,はぶみづほ,keyakizaka_habu
はぶみづほ,,,1,名詞,固有名詞,人名,一般,*,*,はぶみづほ,はぶみづほ,はぶみづほ,keyakizaka_habu
土生みづほ,,,1,名詞,固有名詞,人名,一般,*,*,土生みづほ,はぶみづほ,はぶみづほ,keyakizaka_habu
土生,,,6000,名詞,固有名詞,人名,姓,*,*,土生,はぶ,はぶ,keyakizaka_habu
はぶ,,,6000,名詞,固有名詞,人名,姓,*,*,はぶ,はぶ,はぶ,keyakizaka_habu
瑞穂,,,6000,名詞,固有名詞,人名,名,*,*,瑞穂,みづほ,みづほ,keyakizaka_habu
みづほ,,,6000,名詞,固有名詞,人名,名,*,*,みづほ,みづほ,みづほ,keyakizaka_habu
みづ,,,6000,名詞,固有名詞,人名,名,*,*,みづ,みづ,みづ,keyakizaka_habu
みず,,,6000,名詞,固有名詞,人名,名,*,*,みず,みず,みず,keyakizaka_habu
原田葵,,,1,名詞,固有名詞,人名,一般,*,*,原田葵,はらだあおい,はらだあおい,keyakizaka_harada
(原田葵),,,1,名詞,固有名詞,人名,一般,*,*,原田葵,はらだあおい,はらだあおい,keyakizaka
原田 葵,,,1,名詞,固有名詞,人名,一般,*,*,原田葵,はらだあおい,はらだあおい,keyakizaka_harada
(原田 葵),,,1,名詞,固有名詞,人名,一般,*,*,原田葵,はらだあおい,はらだあおい,keyakizaka
原田　葵,,,1,名詞,固有名詞,人名,一般,*,*,原田葵,はらだあおい,はらだあおい,keyakizaka_harada
原田あおい,,,1,名詞,固有名詞,人名,一般,*,*,原田あおい,はらだあおい,はらだあおい,keyakizaka_harada
はらだあおい,,,1,名詞,固有名詞,人名,一般,*,*,はらだあおい,はらだあおい,はらだあおい,keyakizaka_harada
原田,,,6000,名詞,固有名詞,人名,姓,*,*,原田,はらだ,はらだ,keyakizaka_harada
はらだ,,,6000,名詞,固有名詞,人名,姓,*,*,はらだ,はらだ,はらだ,keyakizaka_harada
葵,,,6000,名詞,固有名詞,人名,名,*,*,葵,あおい,あおい,keyakizaka_harada
あおい,,,6000,名詞,固有名詞,人名,名,*,*,あおい,あおい,あおい,keyakizaka_harada
あおたん,,,6000,名詞,固有名詞,人名,名,*,*,あおたん,あおたん,あおたん,keyakizaka_harada
平手友梨奈,,,1,名詞,固有名詞,人名,一般,*,*,平手友梨奈,ひらてゆりな,ひらてゆりな,keyakizaka_hirate
(平手友梨奈),,,1,名詞,固有名詞,人名,一般,*,*,平手友梨奈,ひらてゆりな,ひらてゆりな,keyakizaka
平手 友梨奈,,,1,名詞,固有名詞,人名,一般,*,*,平手友梨奈,ひらてゆりな,ひらてゆりな,keyakizaka_hirate
(平手 友梨奈),,,1,名詞,固有名詞,人名,一般,*,*,平手友梨奈,ひらてゆりな,ひらてゆりな,keyakizaka
平手　友梨奈,,,1,名詞,固有名詞,人名,一般,*,*,平手友梨奈,ひらてゆりな,ひらてゆりな,keyakizaka_hirate
平手ゆりな,,,1,名詞,固有名詞,人名,一般,*,*,平手ゆりな,ひらてゆりな,ひらてゆりな,keyakizaka_hirate
ひらてゆりな,,,1,名詞,固有名詞,人名,一般,*,*,ひらてゆりな,ひらてゆりな,ひらてゆりな,keyakizaka_hirate
平手,,,6000,名詞,固有名詞,人名,姓,*,*,平手,ひらて,ひらて,keyakizaka_hirate
ひらて,,,6000,名詞,固有名詞,人名,姓,*,*,ひらて,ひらて,ひらて,keyakizaka_hirate
友梨奈,,,6000,名詞,固有名詞,人名,名,*,*,友梨奈,ゆりな,ゆりな,keyakizaka_hirate
ゆりな,,,6000,名詞,固有名詞,人名,名,*,*,ゆりな,ゆりな,ゆりな,keyakizaka_hirate
てち,,,1,名詞,固有名詞,人名,名,*,*,てち,テチ,テチ,keyakizaka_hirate
てっちゃん,,,6000,名詞,固有名詞,人名,姓,*,*,てっちゃん,てっちゃん,てっちゃん,keyakizaka_hirate
てちこ,,,1,名詞,固有名詞,人名,名,*,*,てちこ,テチコ,テチコ,keyakizaka_hirate
てっこ,,,1,名詞,固有名詞,人名,名,*,*,てっこ,テッコ,テッコ,keyakizaka_hirate
ひらてち,,,1,名詞,固有名詞,人名,一般,*,*,ひらてち,ひらてち,ひらてち,keyakizaka_hirate
ひらてちこ,,,1,名詞,固有名詞,人名,一般,*,*,ひらてち,ひらてち,ひらてち,keyakizaka_hirate
守屋茜,,,1,名詞,固有名詞,人名,一般,*,*,守屋茜,もりやあかね,もりやあかね,keyakizaka_moriya
(守屋茜),,,1,名詞,固有名詞,人名,一般,*,*,守屋茜,もりやあかね,もりやあかね,keyakizaka
守屋 茜,,,1,名詞,固有名詞,人名,一般,*,*,守屋茜,もりやあかね,もりやあかね,keyakizaka_moriya
(守屋 茜),,,1,名詞,固有名詞,人名,一般,*,*,守屋茜,もりやあかね,もりやあかね,keyakizaka
守屋　茜,,,1,名詞,固有名詞,人名,一般,*,*,守屋茜,もりやあかね,もりやあかね,keyakizaka_moriya
もりやあかね,,,1,名詞,固有名詞,人名,一般,*,*,もりやあかね,もりやあかね,もりやあかね,keyakizaka_moriya
守屋あかね,,,1,名詞,固有名詞,人名,一般,*,*,守屋あかね,もりやあかね,もりやあかね,keyakizaka_moriya
守屋,,,6000,名詞,固有名詞,人名,姓,*,*,守屋,もりや,もりや,keyakizaka_moriya
もりや,,,6000,名詞,固有名詞,人名,姓,*,*,もりや,もりや,もりや,keyakizaka_moriya
茜,,,6000,名詞,固有名詞,人名,名,*,*,茜,あかね,あかね,keyakizaka_moriya
あかね,,,6000,名詞,固有名詞,人名,名,*,*,あかね,あかね,あかね,keyakizaka_moriya
あかねん,,,6000,名詞,固有名詞,人名,名,*,*,あかねん,あかねん,あかねん,keyakizaka_moriya
米谷奈々未,,,1,名詞,固有名詞,人名,一般,*,*,米谷奈々未,よねたにななみ,よねたにななみ,keyakizaka_yonetani
(米谷奈々未),,,1,名詞,固有名詞,人名,一般,*,*,米谷奈々未,よねたにななみ,よねたにななみ,keyakizaka
米谷 奈々未,,,1,名詞,固有名詞,人名,一般,*,*,米谷奈々未,よねたにななみ,よねたにななみ,keyakizaka_yonetani
(米谷 奈々未),,,1,名詞,固有名詞,人名,一般,*,*,米谷奈々未,よねたにななみ,よねたにななみ,keyakizaka
米谷　奈々未,,,1,名詞,固有名詞,人名,一般,*,*,米谷奈々未,よねたにななみ,よねたにななみ,keyakizaka_yonetani
よねたにななみ,,,1,名詞,固有名詞,人名,一般,*,*,よねたにななみ,よねたにななみ,よねたにななみ,keyakizaka_yonetani
米谷ななみ,,,1,名詞,固有名詞,人名,一般,*,*,米谷ななみ,よねたにななみ,よねたにななみ,keyakizaka_yonetani
米谷,,,6000,名詞,固有名詞,人名,姓,*,*,米谷,よねたに,よねたに,keyakizaka_yonetani
よねたに,,,6000,名詞,固有名詞,人名,姓,*,*,よねたに,よねたに,よねたに,keyakizaka_yonetani
奈々未,,,6000,名詞,固有名詞,人名,名,*,*,奈々未,ななみ,ななみ,keyakizaka_yonetani
ななみ,,,6000,名詞,固有名詞,人名,名,*,*,ななみ,ななみ,ななみ,keyakizaka_yonetani
よね,,,6000,名詞,固有名詞,人名,姓,*,*,よね,よね,よね,keyakizaka_yonetani
よねさん,,,6000,名詞,固有名詞,人名,姓,*,*,よねさん,よねさん,よねさん,keyakizaka_yonetani
よねみん,,,6000,名詞,固有名詞,人名,姓,*,*,よねみん,よねみん,よねみん,keyakizaka_yonetani
渡辺梨加,,,1,名詞,固有名詞,人名,一般,*,*,渡辺梨加,わたなべりか,わたなべりか,keyakizaka_berika
(渡辺梨加),,,1,名詞,固有名詞,人名,一般,*,*,渡辺梨加,わたなべりか,わたなべりか,keyakizaka
渡辺 梨加,,,1,名詞,固有名詞,人名,一般,*,*,渡辺梨加,わたなべりか,わたなべりか,keyakizaka_berika
(渡辺 梨加),,,1,名詞,固有名詞,人名,一般,*,*,渡辺梨加,わたなべりか,わたなべりか,keyakizaka
渡辺　梨加,,,1,名詞,固有名詞,人名,一般,*,*,渡辺梨加,わたなべりか,わたなべりか,keyakizaka_berika
わたなべりか,,,1,名詞,固有名詞,人名,一般,*,*,わたなべりか,わたなべりか,わたなべりか,keyakizaka_berika
渡辺りか,,,1,名詞,固有名詞,人名,一般,*,*,渡辺りか,わたなべりか,わたなべりか,keyakizaka_berika
渡辺,,,6000,名詞,固有名詞,人名,姓,*,*,渡辺,わたなべ,わたなべ,keyakizaka_berika
梨加,,,6000,名詞,固有名詞,人名,名,*,*,梨加,りか,べりか,keyakizaka_berika
べりか,,,1,名詞,固有名詞,人名,一般,*,*,べりか,べりか,べりか,keyakizaka_berika
ベリカ,,,1,名詞,固有名詞,人名,一般,*,*,ベリカ,べりか,べりか,keyakizaka_berika
ぺー,,,6000,名詞,固有名詞,人名,名,*,*,ぺー,ぺー,ぺー,keyakizaka_berika
ぺーた,,,6000,名詞,固有名詞,人名,名,*,*,ぺーた,ぺーた,ぺーた,keyakizaka_berika
ぺーたん,,,6000,名詞,固有名詞,人名,名,*,*,ぺーたん,ぺーたん,ぺーたん,keyakizaka_berika
ぺーちゃん,,,6000,名詞,固有名詞,人名,名,*,*,ぺーちゃん,ぺーちゃん,ぺーちゃん,keyakizaka_berika
渡邉理佐,,,1,名詞,固有名詞,人名,一般,*,*,渡邉理佐,わたなべりさ,わたなべりさ,keyakizaka_berisa
(渡邉理佐),,,1,名詞,固有名詞,人名,一般,*,*,渡邉理佐,わたなべりさ,わたなべりさ,keyakizaka
渡邉 理佐,,,1,名詞,固有名詞,人名,一般,*,*,渡邉理佐,わたなべりさ,わたなべりさ,keyakizaka_berisa
(渡邉 理佐),,,1,名詞,固有名詞,人名,一般,*,*,渡邉理佐,わたなべりさ,わたなべりさ,keyakizaka
渡邉　理佐,,,1,名詞,固有名詞,人名,一般,*,*,渡邉理佐,わたなべりさ,わたなべりさ,keyakizaka_berisa
わたなべりさ,,,1,名詞,固有名詞,人名,一般,*,*,わたなべりさ,わたなべりさ,わたなべりさ,keyakizaka_berisa
渡邉りさ,,,1,名詞,固有名詞,人名,一般,*,*,渡邉りさ,わたなべりさ,わたなべりさ,keyakizaka_berisa
渡邉 ,,,6000,名詞,固有名詞,人名,姓,*,*,渡邉,わたなべ,わたなべ,keyakizaka_berisa
理佐,,,6000,名詞,固有名詞,人名,名,*,*,理佐,りさ,りさ,keyakizaka_berisa
りさ,,,6000,名詞,固有名詞,人名,名,*,*,りさ,りさ,りさ,keyakizaka_berisa
リサ,,,1,名詞,固有名詞,人名,名,*,*,リサ,りさ,りさ,keyakizaka_berisa
べりさ,,,1,名詞,固有名詞,人名,一般,*,*,べりさ,べりさ,べりさ,keyakizaka_berisa
ベリサ,,,1,名詞,固有名詞,人名,一般,*,*,ベリサ,べりさ,べりさ,keyakizaka_berisa
長濱ねる,,,1,名詞,固有名詞,人名,一般,*,*,長濱ねる,ながはまねる,ながはまねる,keyakizaka_nagahama
(長濱ねる),,,1,名詞,固有名詞,人名,一般,*,*,長濱ねる,ながはまねる,ながはまねる,keyakizaka
長濱 ねる,,,1,名詞,固有名詞,人名,一般,*,*,長濱ねる,ながはまねる,ながはまねる,keyakizaka_nagahama
(長濱 ねる),,,1,名詞,固有名詞,人名,一般,*,*,長濱ねる,ながはまねる,ながはまねる,keyakizaka
長濱　ねる,,,1,名詞,固有名詞,人名,一般,*,*,長濱ねる,ながはまねる,ながはまねる,keyakizaka_nagahama
ながはまねる,,,1,名詞,固有名詞,人名,一般,*,*,ながはまねる,ながはまねる,ながはまねる,keyakizaka_nagahama
長濱,,,6000,名詞,固有名詞,人名,姓,*,*,長濱,ながはま,ながはま,keyakizaka_nagahama
ねる,,,6000,名詞,固有名詞,人名,名,*,*,ねる,ネル,ネル,keyakizaka_nagahama
ねるねる,,,1,名詞,固有名詞,人名,名,*,*,ねるねる,ネルネル,ネルネル,keyakizaka_nagahama
ながる,,,1,名詞,固有名詞,人名,一般,*,*,ながる,ながる,ながる,keyakizaka_nagahama
はまねる,,,1,名詞,固有名詞,人名,一般,*,*,はまねる,ハマネル,ハマネル,keyakizaka_nagahama
井口眞緒,,,1,名詞,固有名詞,人名,一般,*,*,井口眞緒,いぐちまお,いぐちまお,keyakizaka_iguchi
(井口眞緒),,,1,名詞,固有名詞,人名,一般,*,*,井口眞緒,いぐちまお,いぐちまお,keyakizaka
井口 眞緒,,,1,名詞,固有名詞,人名,一般,*,*,井口眞緒,いぐちまお,いぐちまお,keyakizaka_iguchi
(井口 眞緒),,,1,名詞,固有名詞,人名,一般,*,*,井口眞緒,いぐちまお,いぐちまお,keyakizaka
井口　眞緒,,,1,名詞,固有名詞,人名,一般,*,*,井口眞緒,いぐちまお,いぐちまお,keyakizaka_iguchi
いぐちまお,,,1,名詞,固有名詞,人名,一般,*,*,いぐちまお,いぐちまお,いぐちまお,keyakizaka_iguchi
井口まお,,,1,名詞,固有名詞,人名,一般,*,*,井口まお,いぐちまお,いぐちまお,keyakizaka_iguchi
井口,,,6000,名詞,固有名詞,人名,姓,*,*,井口,いぐち,いぐち,keyakizaka_iguchi
いぐち,,,6000,名詞,固有名詞,人名,姓,*,*,いぐち,いぐち,いぐち,keyakizaka_iguchi
眞緒,,,6000,名詞,固有名詞,人名,名,*,*,眞緒,まお,まお,keyakizaka_iguchi
まお,,,6000,名詞,固有名詞,人名,名,*,*,まお,まお,まお,keyakizaka_iguchi
潮紗理菜,,,1,名詞,固有名詞,人名,一般,*,*,潮紗理菜,うしおさりな,うしおさりな,keyakizaka_ushio
(潮紗理菜),,,1,名詞,固有名詞,人名,一般,*,*,潮紗理菜,うしおさりな,うしおさりな,keyakizaka
潮 紗理菜,,,1,名詞,固有名詞,人名,一般,*,*,潮紗理菜,うしおさりな,うしおさりな,keyakizaka_ushio
(潮 紗理菜),,,1,名詞,固有名詞,人名,一般,*,*,潮紗理菜,うしおさりな,うしおさりな,keyakizaka
潮　紗理菜,,,1,名詞,固有名詞,人名,一般,*,*,潮紗理菜,うしおさりな,うしおさりな,keyakizaka_ushio
うしおさりな,,,1,名詞,固有名詞,人名,一般,*,*,うしおさりな,うしおさりな,うしおさりな,keyakizaka_ushio
潮さりな,,,1,名詞,固有名詞,人名,一般,*,*,潮さりな,うしおさりな,うしおさりな,keyakizaka_ushio
潮,,,6000,名詞,固有名詞,人名,姓,*,*,潮,うしお,うしお,keyakizaka_ushio
うしお,,,6000,名詞,固有名詞,人名,姓,*,*,うしお,うしお,うしお,keyakizaka_ushio
紗理菜,,,6000,名詞,固有名詞,人名,名,*,*,紗理菜,さりな,さりな,keyakizaka_ushio
さりな,,,6000,名詞,固有名詞,人名,名,*,*,さりな,さりな,さりな,keyakizaka_ushio
さりー,,,6000,名詞,固有名詞,人名,名,*,*,さりー,さりー,さりー,keyakizaka_ushio
まかしー,,,6000,名詞,固有名詞,人名,名,*,*,まかしー,まかしー,まかしー,keyakizaka_ushio
サリマカシー,,,6000,名詞,固有名詞,人名,名,*,*,サリマカシー,さりまかしー,さりまかしー,keyakizaka_ushio
なちょ,,,6000,名詞,固有名詞,人名,名,*,*,なちょ,なちょ,なちょ,keyakizaka_ushio
柿崎芽実,,,1,名詞,固有名詞,人名,一般,*,*,柿崎芽実,かきざきめみ,かきざきめみ,keyakizaka_kakizaki
(柿崎芽実),,,1,名詞,固有名詞,人名,一般,*,*,柿崎芽実,かきざきめみ,かきざきめみ,keyakizaka
柿崎 芽実,,,1,名詞,固有名詞,人名,一般,*,*,柿崎芽実,かきざきめみ,かきざきめみ,keyakizaka_kakizaki
(柿崎 芽実),,,1,名詞,固有名詞,人名,一般,*,*,柿崎芽実,かきざきめみ,かきざきめみ,keyakizaka
柿崎　芽実,,,1,名詞,固有名詞,人名,一般,*,*,柿崎芽実,かきざきめみ,かきざきめみ,keyakizaka_kakizaki
かきざきめみ,,,1,名詞,固有名詞,人名,一般,*,*,かきざきめみ,かきざきめみ,かきざきめみ,keyakizaka_kakizaki
柿崎めみ,,,1,名詞,固有名詞,人名,一般,*,*,柿崎めみ,かきざきめみ,かきざきめみ,keyakizaka_kakizaki
柿崎,,,6000,名詞,固有名詞,人名,姓,*,*,柿崎,かきざき,かきざき,keyakizaka_kakizaki
かきざき,,,6000,名詞,固有名詞,人名,姓,*,*,かきざき,かきざき,かきざき,keyakizaka_kakizaki
芽実,,,6000,名詞,固有名詞,人名,名,*,*,芽実,めみ,めみ,keyakizaka_kakizaki
めみ,,,6000,名詞,固有名詞,人名,名,*,*,めみ,めみ,めみ,keyakizaka_kakizaki
かきざっきー,,,6000,名詞,固有名詞,人名,姓,*,*,かきざっきー,かきざっきー,かきざっきー,keyakizaka_kakizaki
めみい,,,6000,名詞,固有名詞,人名,名,*,*,めみい,めみい,めみい,keyakizaka_kakizaki
めみぃ,,,6000,名詞,固有名詞,人名,名,*,*,めみぃ,めみぃ,めみぃ,keyakizaka_kakizaki
めみめみ,,,6000,名詞,固有名詞,人名,名,*,*,めみめみ,めみめみ,めみめみ,keyakizaka_kakizaki
(影山優佳),,,1,名詞,固有名詞,人名,一般,*,*,影山優佳,かげやまゆうか,かげやまゆうか,keyakizaka
影山 優佳,,,1,名詞,固有名詞,人名,一般,*,*,影山優佳,かげやまゆうか,かげやまゆうか,keyakizaka_kageyama
(影山 優佳),,,1,名詞,固有名詞,人名,一般,*,*,影山優佳,かげやまゆうか,かげやまゆうか,keyakizaka
影山　優佳,,,1,名詞,固有名詞,人名,一般,*,*,影山優佳,かげやまゆうか,かげやまゆうか,keyakizaka_kageyama
かげやまゆうか,,,1,名詞,固有名詞,人名,一般,*,*,かげやまゆうか,かげやまゆうか,かげやまゆうか,keyakizaka_kageyama
影山ゆうか,,,1,名詞,固有名詞,人名,一般,*,*,影山ゆうか,かげやまゆうか,かげやまゆうか,keyakizaka_kageyama
影山,,,6000,名詞,固有名詞,人名,姓,*,*,影山,かげやま,かげやま,keyakizaka_kageyama
かげやま,,,6000,名詞,固有名詞,人名,姓,*,*,かげやま,かげやま,かげやま,keyakizaka_kageyama
優佳,,,6000,名詞,固有名詞,人名,名,*,*,優佳,ゆうか,ゆうか,keyakizaka_kageyama
影ちゃん,,,6000,名詞,固有名詞,人名,姓,*,*,影ちゃん,かげちゃん,かげちゃん,keyakizaka_kageyama
げーたん,,,350,名詞,固有名詞,人名,姓,*,*,げーたん,げーたん,げーたん,keyakizaka_kageyama
(加藤史帆),,,1,名詞,固有名詞,人名,一般,*,*,加藤史帆,かとうしほ,かとうしほ,keyakizaka
加藤 史帆,,,1,名詞,固有名詞,人名,一般,*,*,加藤史帆,かとうしほ,かとうしほ,keyakizaka_kato
(加藤 史帆),,,1,名詞,固有名詞,人名,一般,*,*,加藤史帆,かとうしほ,かとうしほ,keyakizaka
加藤　史帆,,,1,名詞,固有名詞,人名,一般,*,*,加藤史帆,かとうしほ,かとうしほ,keyakizaka_kato
かとうしほ,,,1,名詞,固有名詞,人名,一般,*,*,かとうしほ,かとうしほ,かとうしほ,keyakizaka_kato
加藤しほ,,,1,名詞,固有名詞,人名,一般,*,*,加藤しほ,かとうしほ,かとうしほ,keyakizaka_kato
加藤,,,6000,名詞,固有名詞,人名,姓,*,*,加藤,かとう,かとう,keyakizaka_kato
かとう,,,6000,名詞,固有名詞,人名,姓,*,*,かとう,かとう,かとう,keyakizaka_kato
史帆,,,6000,名詞,固有名詞,人名,名,*,*,史帆,しほ,しほ,keyakizaka_kato
しほ,,,6000,名詞,固有名詞,人名,名,*,*,しほ,しほ,しほ,keyakizaka_kato
しほりん,,,6000,名詞,固有名詞,人名,名,*,*,しほりん,しほりん,しほりん,keyakizaka_kato
かとし,,,1,名詞,固有名詞,人名,一般,*,*,かとし,かとし,かとし,keyakizaka_kato
としちゃん,,,1,名詞,固有名詞,人名,一般,*,*,としちゃん,としちゃん,としちゃん,keyakizaka_kato
齊藤京子,,,1,名詞,固有名詞,人名,一般,*,*,齊藤京子,さいとうきょうこ,さいとうきょうこ,keyakizaka_saitokyoko
(齊藤京子),,,1,名詞,固有名詞,人名,一般,*,*,齊藤京子,さいとうきょうこ,さいとうきょうこ,keyakizaka
齊藤 京子,,,1,名詞,固有名詞,人名,一般,*,*,齊藤京子,さいとうきょうこ,さいとうきょうこ,keyakizaka_saitokyoko
(齊藤 京子),,,1,名詞,固有名詞,人名,一般,*,*,齊藤京子,さいとうきょうこ,さいとうきょうこ,keyakizaka
齊藤　京子,,,1,名詞,固有名詞,人名,一般,*,*,齊藤京子,さいとうきょうこ,さいとうきょうこ,keyakizaka_saitokyoko
さいとうきょうこ,,,1,名詞,固有名詞,人名,一般,*,*,さいとうきょうこ,さいとうきょうこ,さいとうきょうこ,keyakizaka_saitokyoko
齊藤きょうこ,,,1,名詞,固有名詞,人名,一般,*,*,齊藤きょうこ,さいとうきょうこ,さいとうきょうこ,keyakizaka_saitokyoko
齊藤,,,6000,名詞,固有名詞,人名,姓,*,*,齊藤,さいとう,さいとう,keyakizaka_saitokyoko
京子,,,6000,名詞,固有名詞,人名,名,*,*,京子,きょうこ,きょうこ,keyakizaka_saitokyoko
きょうこ,,,6000,名詞,固有名詞,人名,名,*,*,きょうこ,きょうこ,きょうこ,keyakizaka_saitokyoko
きょんこ,,,6000,名詞,固有名詞,人名,名,*,*,きょんこ,きょんこ,きょんこ,keyakizaka_saitokyoko
きょこたん,,,6000,名詞,固有名詞,人名,名,*,*,きょこたん,きょこたん,きょこたん,keyakizaka_saitokyoko
佐々木久美,,,1,名詞,固有名詞,人名,一般,*,*,佐々木久美,ささきくみ,ささきくみ,keyakizaka_sasakikumi
(佐々木久美),,,1,名詞,固有名詞,人名,一般,*,*,佐々木久美,ささきくみ,ささきくみ,keyakizaka
佐々木 久美,,,1,名詞,固有名詞,人名,一般,*,*,佐々木久美,ささきくみ,ささきくみ,keyakizaka_sasakikumi
(佐々木 久美),,,1,名詞,固有名詞,人名,一般,*,*,佐々木久美,ささきくみ,ささきくみ,keyakizaka
佐々木　久美,,,1,名詞,固有名詞,人名,一般,*,*,佐々木久美,ささきくみ,ささきくみ,keyakizaka_sasakikumi
ささきくみ,,,1,名詞,固有名詞,人名,一般,*,*,ささきくみ,ささきくみ,ささきくみ,keyakizaka_sasakikumi
佐々木くみ,,,1,名詞,固有名詞,人名,一般,*,*,佐々木くみ,ささきくみ,ささきくみ,keyakizaka_sasakikumi
久美,,,6000,名詞,固有名詞,人名,名,*,*,久美,くみ,くみ,keyakizaka_sasakikumi
くみ,,,6000,名詞,固有名詞,人名,名,*,*,くみ,くみ,くみ,keyakizaka_sasakikumi
ぐみ,,,6000,名詞,固有名詞,人名,名,*,*,ぐみ,ぐみ,ぐみ,keyakizaka_sasakikumi
くみたん,,,6000,名詞,固有名詞,人名,名,*,*,くみたん,くみたん,くみたん,keyakizaka_sasakikumi
くまたん,,,6000,名詞,固有名詞,人名,名,*,*,くまたん,くまたん,くまたん,keyakizaka_sasakikumi
きくちゃん,,,1,名詞,固有名詞,人名,一般,*,*,きくちゃん,きくちゃん,きくちゃん,keyakizaka_sasakikumi
佐々木美玲,,,1,名詞,固有名詞,人名,一般,*,*,佐々木美玲,ささきみれい,ささきみれい,keyakizaka_sasakimirei
(佐々木美玲),,,1,名詞,固有名詞,人名,一般,*,*,佐々木美玲,ささきみれい,ささきみれい,keyakizaka
佐々木 美玲,,,1,名詞,固有名詞,人名,一般,*,*,佐々木美玲,ささきみれい,ささきみれい,keyakizaka_sasakimirei
(佐々木 美玲),,,1,名詞,固有名詞,人名,一般,*,*,佐々木美玲,ささきみれい,ささきみれい,keyakizaka
佐々木　美玲,,,1,名詞,固有名詞,人名,一般,*,*,佐々木美玲,ささきみれい,ささきみれい,keyakizaka_sasakimirei
佐々木みれい,,,1,名詞,固有名詞,人名,一般,*,*,佐々木みれい,ささきみれい,ささきみれい,keyakizaka_sasakimirei
ささきみれい,,,1,名詞,固有名詞,人名,一般,*,*,ささきみれい,ささきみれい,ささきみれい,keyakizaka_sasakimirei
美玲,,,6000,名詞,固有名詞,人名,名,*,*,美玲,みれい,みれい,keyakizaka_sasakimirei
みれい,,,6000,名詞,固有名詞,人名,名,*,*,みれい,みれい,みれい,keyakizaka_sasakimirei
みーぱん,,,6000,名詞,固有名詞,人名,名,*,*,みーぱん,みーぱん,みーぱん,keyakizaka_sasakimirei
みぃぱん,,,6000,名詞,固有名詞,人名,名,*,*,みぃぱん,みぃぱん,みぃぱん,keyakizaka_sasakimirei
高瀬愛奈,,,1,名詞,固有名詞,人名,一般,*,*,高瀬愛奈,たかせまな,たかせまな,keyakizaka_takase
(高瀬愛奈),,,1,名詞,固有名詞,人名,一般,*,*,高瀬愛奈,たかせまな,たかせまな,keyakizaka
高瀬 愛奈,,,1,名詞,固有名詞,人名,一般,*,*,高瀬愛奈,たかせまな,たかせまな,keyakizaka_takase
(高瀬 愛奈),,,1,名詞,固有名詞,人名,一般,*,*,高瀬愛奈,たかせまな,たかせまな,keyakizaka
高瀬　愛奈,,,1,名詞,固有名詞,人名,一般,*,*,高瀬愛奈,たかせまな,たかせまな,keyakizaka_takase
高瀬まな,,,1,名詞,固有名詞,人名,一般,*,*,高瀬まな,たかせまな,たかせまな,keyakizaka_takase
たかせまな,,,1,名詞,固有名詞,人名,一般,*,*,たかせまな,たかせまな,たかせまな,keyakizaka_takase
高瀬,,,6000,名詞,固有名詞,人名,姓,*,*,高瀬,たかせ,たかせ,keyakizaka_takase
たかせ,,,6000,名詞,固有名詞,人名,姓,*,*,たかせ,たかせ,たかせ,keyakizaka_takase
愛奈,,,6000,名詞,固有名詞,人名,名,*,*,愛奈,まな,まな,keyakizaka_takase
まな,,,6000,名詞,固有名詞,人名,名,*,*,まな,まな,まな,keyakizaka_takase
まなふぃー,,,6000,名詞,固有名詞,人名,名,*,*,まなふぃー,まなふぃー,まなふぃー,keyakizaka_takase
まなふぃ〜,,,6000,名詞,固有名詞,人名,名,*,*,まなふぃ〜,まなふぃ〜,まなふぃ〜,keyakizaka_takase
まなふぃ,,,6000,名詞,固有名詞,人名,名,*,*,まなふぃ,まなふぃ,まなふぃ,keyakizaka_takase
マナフィー,,,6000,名詞,固有名詞,人名,名,*,*,マナフィー,まなふぃ,まなふぃ,keyakizaka_takase
ふぃー,,,6000,名詞,固有名詞,人名,名,*,*,ふぃー,ふぃー,ふぃー,keyakizaka_takase
高本彩花,,,1,名詞,固有名詞,人名,一般,*,*,高本彩花,たかもとあやか,たかもとあやか,keyakizaka_takamoto
(高本彩花),,,1,名詞,固有名詞,人名,一般,*,*,高本彩花,たかもとあやか,たかもとあやか,keyakizaka
高本 彩花,,,1,名詞,固有名詞,人名,一般,*,*,高本彩花,たかもとあやか,たかもとあやか,keyakizaka_takamoto
(高本 彩花),,,1,名詞,固有名詞,人名,一般,*,*,高本彩花,たかもとあやか,たかもとあやか,keyakizaka
高本　彩花,,,1,名詞,固有名詞,人名,一般,*,*,高本彩花,たかもとあやか,たかもとあやか,keyakizaka_takamoto
高本あやか,,,1,名詞,固有名詞,人名,一般,*,*,高本あやか,たかもとあやか,たかもとあやか,keyakizaka_takamoto
たかもとあやか,,,1,名詞,固有名詞,人名,一般,*,*,たかもとあやか,たかもとあやか,たかもとあやか,keyakizaka_takamoto
高本,,,6000,名詞,固有名詞,人名,姓,*,*,高本,たかもと,たかもと,keyakizaka_takamoto
たかもと,,,6000,名詞,固有名詞,人名,姓,*,*,たかもと,たかもと,たかもと,keyakizaka_takamoto
彩花,,,6000,名詞,固有名詞,人名,名,*,*,彩花,あやか,あやか,keyakizaka_takamoto
あやか,,,6000,名詞,固有名詞,人名,名,*,*,あやか,あやか,あやか,keyakizaka_takamoto
たけもと,,,6000,名詞,固有名詞,人名,姓,*,*,たけもと,たけもと,たけもと,keyakizaka_takamoto
てけもと,,,6000,名詞,固有名詞,人名,姓,*,*,てけもと,てけもと,てけもと,keyakizaka_takamoto
たけもっちゃん,,,6000,名詞,固有名詞,人名,姓,*,*,たけもっちゃん,たけもっちゃん,たけもっちゃん,keyakizaka_takamoto
もっちゃん,,,6000,名詞,固有名詞,人名,姓,*,*,もっちゃん,もっちゃん,もっちゃん,keyakizaka_takamoto
たけちゃん,,,6000,名詞,固有名詞,人名,姓,*,*,たけちゃん,たけちゃん,たけちゃん,keyakizaka_takamoto
あや,,,6000,名詞,固有名詞,人名,名,*,*,あや,あや,あや,keyakizaka_takamoto
あやちゃん,,,6000,名詞,固有名詞,人名,名,*,*,あやちゃん,あやちゃん,あやちゃん,keyakizaka_takamoto
東村芽依,,,1,名詞,固有名詞,人名,一般,*,*,東村芽依,ひがしむらめい,ひがしむらめい,keyakizaka_higashimura
(東村芽依),,,1,名詞,固有名詞,人名,一般,*,*,東村芽依,ひがしむらめい,ひがしむらめい,keyakizaka
東村 芽依,,,1,名詞,固有名詞,人名,一般,*,*,東村芽依,ひがしむらめい,ひがしむらめい,keyakizaka_higashimura
(東村 芽依),,,1,名詞,固有名詞,人名,一般,*,*,東村芽依,ひがしむらめい,ひがしむらめい,keyakizaka
東村　芽依,,,1,名詞,固有名詞,人名,一般,*,*,東村芽依,ひがしむらめい,ひがしむらめい,keyakizaka_higashimura
東村めい,,,1,名詞,固有名詞,人名,一般,*,*,東村めい,ひがしむらめい,ひがしむらめい,keyakizaka_higashimura
ひがしむらめい,,,1,名詞,固有名詞,人名,一般,*,*,ひがしむらめい,ひがしむらめい,ひがしむらめい,keyakizaka_higashimura
東村,,,6000,名詞,固有名詞,人名,姓,*,*,東村,ひがしむら,ひがしむら,keyakizaka_higashimura
ひがしむら,,,6000,名詞,固有名詞,人名,姓,*,*,ひがしむら,ひがしむら,ひがしむら,keyakizaka_higashimura
芽依,,,6000,名詞,固有名詞,人名,名,*,*,芽依,めい,めい,keyakizaka_higashimura
めい,,,6000,名詞,固有名詞,人名,名,*,*,めい,めい,めい,keyakizaka_higashimura
めいめい,,,6000,名詞,固有名詞,人名,名,*,*,めいめい,めいめい,めいめい,keyakizaka_higashimura
めぇーめぇー,,,6000,名詞,固有名詞,人名,名,*,*,めぇーめぇー,めぇーめぇー,めぇーめぇー,keyakizaka_higashimura
めぇめぇ,,,6000,名詞,固有名詞,人名,名,*,*,めぇめぇ,めぇめぇ,めぇめぇ,keyakizaka_higashimura
めいたん,,,6000,名詞,固有名詞,人名,名,*,*,めいたん,めいたん,めいたん,keyakizaka_higashimura
めめ,,,6000,名詞,固有名詞,人名,名,*,*,めめ,めめ,めめ,keyakizaka_higashimura